{
    "accuracy": 0.8333333333333334,
    "precision": 0.3333333333333333,
    "recall": 0.041666666666666664,
    "f1_score": 0.07407407407407407,
    "roc_auc": 0.6171461640211641
}